{"accuracy": [0.24595864117145538, 0.20687928795814514, 0.299002468585968, 0.3638143539428711, 0.3631519675254822, 0.19532495737075806, 0.4021989405155182, 0.3430275321006775, 0.4028530418872833, 0.44907674193382263, 0.41458550095558167, 0.5128223896026611, 0.4417075216770172, 0.5164645314216614, 0.43085435032844543, 0.2878268361091614, 0.4380328357219696, 0.36375707387924194, 0.4357464611530304, 0.4187659025192261], "loss": [2.415839433670044, 1.8851741552352905, 1.6493127346038818, 1.5538331270217896, 1.5078178644180298, 2.4918761253356934, 1.4089882373809814, 1.5720957517623901, 1.3757376670837402, 1.2020784616470337, 1.3451952934265137, 1.1977063417434692, 1.3013194799423218, 1.0228673219680786, 1.3073816299438477, 1.429368257522583, 1.3032729625701904, 1.4585902690887451, 1.28836989402771, 1.2696152925491333], "val_accuracy": [0.2775448262691498, 0.2759525179862976, 0.319184809923172, 0.33383557200431824, 0.2742097079753876, 0.34893083572387695, 0.425464928150177, 0.4074835479259491, 0.4071364402770996, 0.4250386357307434, 0.46801120042800903, 0.4612777531147003, 0.43375256657600403, 0.43620461225509644, 0.40489381551742554, 0.3945430517196655, 0.4187205135822296, 0.47196778655052185, 0.45639535784721375, 0.4681881368160248], "val_loss": [1.7138292789459229, 1.7634871006011963, 1.5430572032928467, 1.4857231378555298, 1.7895323038101196, 1.4995936155319214, 1.380751132965088, 1.3889544010162354, 1.2868871688842773, 1.3021740913391113, 1.270914912223816, 1.2858984470367432, 1.265688419342041, 1.30205237865448, 1.2877177000045776, 1.3379608392715454, 1.2946381568908691, 1.247039794921875, 1.2355942726135254, 1.2357230186462402]}