{"accuracy": [0.267051100730896, 0.3502329885959625, 0.38639509677886963, 0.4072660207748413, 0.40679728984832764, 0.42920103669166565, 0.42276984453201294, 0.4371150732040405, 0.43668749928474426, 0.46144986152648926, 0.44790828227996826, 0.45983028411865234, 0.4676905572414398, 0.4741007387638092, 0.47193577885627747, 0.477712482213974, 0.4748072624206543, 0.4793279767036438, 0.47992703318595886, 0.48078596591949463], "loss": [2.24776291847229, 1.6111338138580322, 1.476963996887207, 1.406385064125061, 1.4034481048583984, 1.3296815156936646, 1.3476073741912842, 1.3056610822677612, 1.3121658563613892, 1.268054723739624, 1.2922230958938599, 1.2795437574386597, 1.2505971193313599, 1.254235863685608, 1.255852460861206, 1.2454688549041748, 1.238619327545166, 1.2424007654190063, 1.2432054281234741, 1.2364846467971802], "val_accuracy": [0.3082360327243805, 0.4469258189201355, 0.3945726156234741, 0.38258096575737, 0.44817525148391724, 0.4066648781299591, 0.4193779528141022, 0.46889862418174744, 0.44975191354751587, 0.4135742485523224, 0.41518282890319824, 0.4472699761390686, 0.47047945857048035, 0.49929824471473694, 0.40489712357521057, 0.46004486083984375, 0.5086305737495422, 0.505108654499054, 0.476473331451416, 0.48514193296432495], "val_loss": [1.6413960456848145, 1.3925648927688599, 1.3356664180755615, 1.42887544631958, 1.3829491138458252, 1.404357671737671, 1.299647331237793, 1.2574728727340698, 1.3014460802078247, 1.279317021369934, 1.2697683572769165, 1.2427738904953003, 1.2315359115600586, 1.2475392818450928, 1.2692487239837646, 1.2294074296951294, 1.1940181255340576, 1.1884618997573853, 1.206855058670044, 1.1937917470932007]}