{"accuracy": [0.4565577208995819, 0.4805343449115753, 0.4934568405151367, 0.5460919737815857, 0.5978570580482483, 0.6462764143943787, 0.6671958565711975, 0.6748499870300293, 0.6727323532104492, 0.6834695339202881, 0.6907724142074585, 0.6918349862098694, 0.6972850561141968, 0.7017936706542969, 0.6950594782829285, 0.6957403421401978, 0.7044957876205444, 0.7099677324295044, 0.709792971611023, 0.7068557143211365], "loss": [1.335844874382019, 1.2556229829788208, 1.2205862998962402, 1.1648813486099243, 1.075088620185852, 0.976337730884552, 0.9271780252456665, 0.8996671438217163, 0.9071750044822693, 0.8785407543182373, 0.8561449646949768, 0.8513697385787964, 0.8342798352241516, 0.8177408576011658, 0.8395232558250427, 0.8401035666465759, 0.8156759738922119, 0.798211395740509, 0.7983570098876953, 0.809525191783905], "val_accuracy": [0.4729473292827606, 0.47485020756721497, 0.5221890211105347, 0.6280148029327393, 0.6447592377662659, 0.6618313789367676, 0.6510627865791321, 0.674397349357605, 0.6576530933380127, 0.6856244206428528, 0.7025552988052368, 0.6652320623397827, 0.7091150283813477, 0.70218425989151, 0.7144293189048767, 0.7109823822975159, 0.7123200297355652, 0.7182322144508362, 0.725049614906311, 0.7282979488372803], "val_loss": [1.2793481349945068, 1.2491172552108765, 1.215362548828125, 1.0866618156433105, 1.0225050449371338, 0.9604223966598511, 1.004580020904541, 0.9338602423667908, 0.9672040939331055, 0.8933686017990112, 0.8699091076850891, 0.9202126264572144, 0.8091481924057007, 0.8296040892601013, 0.8187246322631836, 0.8040032982826233, 0.8235013484954834, 0.7954908013343811, 0.7999212145805359, 0.7685293555259705]}