{"accuracy": [0.2620653808116913, 0.34006962180137634, 0.388947457075119, 0.3992815613746643, 0.4142053723335266, 0.41971448063850403, 0.4279208183288574, 0.4386443793773651, 0.441124826669693, 0.4360813498497009, 0.44178763031959534, 0.4481981098651886, 0.45360827445983887, 0.4494750201702118, 0.45350736379623413, 0.45288777351379395, 0.4672984480857849, 0.46271511912345886, 0.46581897139549255, 0.4683007001876831], "loss": [2.906161069869995, 1.6249390840530396, 1.4684629440307617, 1.4265426397323608, 1.3761887550354004, 1.3526630401611328, 1.3193038702011108, 1.3112820386886597, 1.3011075258255005, 1.2980767488479614, 1.303251028060913, 1.2852345705032349, 1.2668113708496094, 1.2630733251571655, 1.252048373222351, 1.268827199935913, 1.242161750793457, 1.2502387762069702, 1.237438440322876, 1.2303740978240967], "val_accuracy": [0.36044442653656006, 0.29009369015693665, 0.3884875476360321, 0.4574495553970337, 0.4038023054599762, 0.35079678893089294, 0.46740731596946716, 0.46225279569625854, 0.43372082710266113, 0.449453204870224, 0.4710008203983307, 0.43045806884765625, 0.4526241421699524, 0.468713641166687, 0.45660120248794556, 0.4728220999240875, 0.4794948399066925, 0.4593298137187958, 0.47141894698143005, 0.47500917315483093], "val_loss": [1.673606514930725, 1.611610770225525, 1.3490514755249023, 1.358641505241394, 1.3045262098312378, 1.3196139335632324, 1.2571313381195068, 1.259264349937439, 1.3130358457565308, 1.2673884630203247, 1.2354991436004639, 1.2613964080810547, 1.2752774953842163, 1.227017879486084, 1.2998782396316528, 1.222611904144287, 1.2412021160125732, 1.2489324808120728, 1.2201426029205322, 1.2115763425827026]}