{"accuracy": [0.44568541646003723, 0.4729810357093811, 0.48809507489204407, 0.5037828683853149, 0.527879536151886, 0.5743377804756165, 0.6368945240974426, 0.6597926616668701, 0.6793688535690308, 0.6858787536621094, 0.6879804134368896, 0.7010765075683594, 0.7032846212387085, 0.7054784893989563, 0.7039952874183655, 0.7078187465667725, 0.7032533288002014, 0.7145049571990967, 0.7085936069488525, 0.707878053188324], "loss": [1.4031773805618286, 1.28261137008667, 1.2583239078521729, 1.244495153427124, 1.210068702697754, 1.143429160118103, 1.0221368074417114, 0.9583300352096558, 0.8998923301696777, 0.8800668120384216, 0.8640848398208618, 0.8365622162818909, 0.8230676054954529, 0.8227840065956116, 0.8397340774536133, 0.8164872527122498, 0.8351861834526062, 0.8021801710128784, 0.8069638609886169, 0.8181343078613281], "val_accuracy": [0.4824921190738678, 0.5147375464439392, 0.5328088402748108, 0.5446866750717163, 0.5865153074264526, 0.5822102427482605, 0.6573183536529541, 0.6885802149772644, 0.7054960131645203, 0.7029785513877869, 0.7184906005859375, 0.7259729504585266, 0.7063291668891907, 0.7168747186660767, 0.71383136510849, 0.7191632390022278, 0.6728443503379822, 0.7139831185340881, 0.728209376335144, 0.7190337777137756], "val_loss": [1.271791696548462, 1.2591371536254883, 1.2194441556930542, 1.1966534852981567, 1.1409245729446411, 1.1297577619552612, 0.9921888709068298, 0.891493558883667, 0.8464282751083374, 0.8361474871635437, 0.8115610480308533, 0.7706788778305054, 0.845714807510376, 0.7878861427307129, 0.8062964677810669, 0.7789403200149536, 0.8978075981140137, 0.818215012550354, 0.746748149394989, 0.7950612306594849]}