{"accuracy": [0.45691967010498047, 0.48282504081726074, 0.5037309527397156, 0.5174451470375061, 0.5589116215705872, 0.6529898643493652, 0.6785793304443359, 0.6768190264701843, 0.6845941543579102, 0.70211261510849, 0.6979568004608154, 0.7010875940322876, 0.7121983170509338, 0.7126085758209229, 0.7076739072799683, 0.7138010859489441, 0.7112370729446411, 0.721678614616394, 0.72306227684021, 0.7146180272102356], "loss": [1.3739402294158936, 1.2779821157455444, 1.237597107887268, 1.2087104320526123, 1.1518675088882446, 0.9741738438606262, 0.9000165462493896, 0.8967897891998291, 0.8644627332687378, 0.8299954533576965, 0.8358544111251831, 0.8196908235549927, 0.8027595281600952, 0.8009946942329407, 0.8137071132659912, 0.7930985689163208, 0.8006592392921448, 0.7774345874786377, 0.7683232426643372, 0.7896139025688171], "val_accuracy": [0.49754607677459717, 0.5042115449905396, 0.517194390296936, 0.5437654256820679, 0.5446175336837769, 0.6764034628868103, 0.6896944642066956, 0.6843273639678955, 0.6990317702293396, 0.688138484954834, 0.6886288523674011, 0.7206931114196777, 0.7119808793067932, 0.6982789039611816, 0.6981496214866638, 0.7161812782287598, 0.7082025408744812, 0.7191202044487, 0.7300125956535339, 0.6955243945121765], "val_loss": [1.2548555135726929, 1.2426742315292358, 1.203177571296692, 1.1720370054244995, 1.1367437839508057, 0.8964480757713318, 0.8768609762191772, 0.872123658657074, 0.8244065046310425, 0.8568150401115417, 0.8534102439880371, 0.7772012948989868, 0.7955619096755981, 0.8314932584762573, 0.8165602087974548, 0.7893276810646057, 0.787118673324585, 0.7725605368614197, 0.7481235861778259, 0.8339294791221619]}