{"accuracy": [0.4900076985359192, 0.5098602175712585, 0.5166400074958801, 0.5219095349311829, 0.5535765886306763, 0.601881742477417, 0.6718587875366211, 0.6815673112869263, 0.6976862549781799, 0.7095998525619507, 0.7114881873130798, 0.7129591107368469, 0.7181127071380615, 0.7217296957969666, 0.7167976498603821, 0.7237412333488464, 0.7118557095527649, 0.7301350831985474, 0.7270668745040894, 0.7301193475723267], "loss": [1.3413851261138916, 1.230419397354126, 1.1981397867202759, 1.1727961301803589, 1.1244001388549805, 1.0366477966308594, 0.9101017117500305, 0.8797826766967773, 0.8327725529670715, 0.8047923445701599, 0.7926989793777466, 0.7807976603507996, 0.7787073254585266, 0.7565517425537109, 0.7742859721183777, 0.761275589466095, 0.7878890633583069, 0.7389295101165771, 0.7436559200286865, 0.7338876724243164], "val_accuracy": [0.48976224660873413, 0.4906673729419708, 0.5029999017715454, 0.5075430274009705, 0.5880844593048096, 0.6723248958587646, 0.7001196146011353, 0.6734313368797302, 0.7292147278785706, 0.7198605537414551, 0.7138566970825195, 0.7438036203384399, 0.7280691266059875, 0.7364566922187805, 0.7279106378555298, 0.7316932678222656, 0.7382341623306274, 0.7464686632156372, 0.7378191351890564, 0.7300833463668823], "val_loss": [1.2584233283996582, 1.2483410835266113, 1.1785717010498047, 1.1471627950668335, 1.0791243314743042, 0.9315488338470459, 0.8389987349510193, 0.8933576941490173, 0.7483295798301697, 0.7747294306755066, 0.7839910387992859, 0.7234324216842651, 0.7409505844116211, 0.7379658818244934, 0.7407971024513245, 0.7432884573936462, 0.7156206965446472, 0.7148623466491699, 0.7278168201446533, 0.7529086470603943]}