{"accuracy": [0.4467969238758087, 0.4809463620185852, 0.5325158834457397, 0.6317946314811707, 0.6631338000297546, 0.6775400638580322, 0.687982439994812, 0.6988688707351685, 0.7024347186088562, 0.7055789232254028, 0.7039647102355957, 0.7077351808547974, 0.705307126045227, 0.7081307768821716, 0.7150095105171204, 0.7250975966453552, 0.7191734910011292, 0.7152262926101685, 0.7160194516181946, 0.7218182682991028, 0.7204254269599915, 0.7237571477890015, 0.7278863787651062, 0.7282677292823792, 0.7278148531913757, 0.7287335395812988, 0.7255727648735046, 0.7377938628196716, 0.7328017354011536, 0.7354934811592102, 0.73911452293396, 0.738075852394104, 0.7367374897003174, 0.7393843531608582, 0.7406019568443298, 0.7449630498886108, 0.7385222911834717, 0.7420148253440857, 0.7424831390380859, 0.7439458966255188, 0.7434142231941223, 0.7469098567962646, 0.7431649565696716, 0.7514100074768066, 0.751024603843689, 0.7523224353790283, 0.7406028509140015, 0.7494552135467529, 0.7511385083198547, 0.7511383295059204], "loss": [1.338571548461914, 1.2525906562805176, 1.184784173965454, 1.0277340412139893, 0.9308504462242126, 0.8959404230117798, 0.8657466769218445, 0.8422494530677795, 0.8271037340164185, 0.8144404292106628, 0.8151180744171143, 0.8130514025688171, 0.8226046562194824, 0.8077613711357117, 0.7895721793174744, 0.7644223570823669, 0.7804728150367737, 0.7859646677970886, 0.7848395109176636, 0.7718362808227539, 0.7688969969749451, 0.7638380527496338, 0.7488101124763489, 0.7565677762031555, 0.7520387172698975, 0.7509221434593201, 0.75839763879776, 0.7300114035606384, 0.7454223036766052, 0.73661208152771, 0.7221142649650574, 0.7245772480964661, 0.7320000529289246, 0.7245049476623535, 0.7195221185684204, 0.7130352258682251, 0.7285138368606567, 0.7143742442131042, 0.7128289341926575, 0.71431964635849, 0.7093282341957092, 0.7009677886962891, 0.7124453783035278, 0.6902366280555725, 0.6900600790977478, 0.6854732036590576, 0.7153167128562927, 0.6949689388275146, 0.6923390030860901, 0.6889714598655701], "val_accuracy": [0.48607492446899414, 0.5044736862182617, 0.6284152865409851, 0.6682515144348145, 0.6843438148498535, 0.6923463344573975, 0.6974042654037476, 0.6828396320343018, 0.703440248966217, 0.7059100270271301, 0.7145554423332214, 0.6714462041854858, 0.7147371172904968, 0.6602545976638794, 0.7244192957878113, 0.7209446430206299, 0.7246816754341125, 0.6708076596260071, 0.7073422074317932, 0.7209919691085815, 0.7203115820884705, 0.7209693789482117, 0.7425337433815002, 0.736345112323761, 0.730258047580719, 0.7410292625427246, 0.7012935280799866, 0.7280834317207336, 0.7457943558692932, 0.7232793569564819, 0.7202078104019165, 0.726079523563385, 0.7104936242103577, 0.7307303547859192, 0.7360733151435852, 0.7471196055412292, 0.7479888796806335, 0.7396912574768066, 0.7439858317375183, 0.7318483591079712, 0.7235581278800964, 0.7296578288078308, 0.7509832978248596, 0.7378327250480652, 0.7533771991729736, 0.7475995421409607, 0.715618371963501, 0.7557563185691833, 0.7437916398048401, 0.7548192739486694], "val_loss": [1.2608221769332886, 1.2091799974441528, 1.022656798362732, 0.938737154006958, 0.8615755438804626, 0.8415164947509766, 0.8322194814682007, 0.8548233509063721, 0.82399982213974, 0.8091034293174744, 0.7851929664611816, 0.9028957486152649, 0.7893324494361877, 0.9130271077156067, 0.756907045841217, 0.7651515007019043, 0.7711201906204224, 0.9760167598724365, 0.8028363585472107, 0.7736323475837708, 0.7664147615432739, 0.8047177791595459, 0.7186785936355591, 0.731828510761261, 0.7423673272132874, 0.7221635580062866, 0.8097692728042603, 0.7508111000061035, 0.7133486270904541, 0.7486422061920166, 0.7669662237167358, 0.7511336803436279, 0.7928473353385925, 0.751046359539032, 0.7317476272583008, 0.7043032050132751, 0.7005032896995544, 0.7259933948516846, 0.71444171667099, 0.7522618174552917, 0.7986419200897217, 0.7515923380851746, 0.70310378074646, 0.7299171686172485, 0.6861776113510132, 0.7084178924560547, 0.7820925712585449, 0.6866390705108643, 0.7093221545219421, 0.6735538840293884]}