{"accuracy": [0.4433446526527405, 0.4751704931259155, 0.496593713760376, 0.5369445085525513, 0.6386471390724182, 0.6634063124656677, 0.6814242601394653, 0.6830870509147644, 0.6940839290618896, 0.6957874894142151, 0.7011508941650391, 0.7004330158233643, 0.7077394723892212, 0.7090403437614441, 0.7137632369995117, 0.7147231698036194, 0.7117632031440735, 0.7149555683135986, 0.720207929611206, 0.7184860706329346], "loss": [1.350622534751892, 1.2616888284683228, 1.2202637195587158, 1.1699668169021606, 1.0089787244796753, 0.940296471118927, 0.8921586871147156, 0.8750982880592346, 0.8500451445579529, 0.8459641337394714, 0.8292087316513062, 0.8293375372886658, 0.8077892065048218, 0.8094741106033325, 0.7922937273979187, 0.7916377782821655, 0.8054983615875244, 0.7884649038314819, 0.77792888879776, 0.7772657871246338], "val_accuracy": [0.46295878291130066, 0.49213624000549316, 0.512031614780426, 0.5717934966087341, 0.672202467918396, 0.6772090196609497, 0.7002761363983154, 0.688072681427002, 0.694365382194519, 0.6872708797454834, 0.6959730386734009, 0.7079309225082397, 0.7129061222076416, 0.685632586479187, 0.7022148370742798, 0.711441695690155, 0.7018904685974121, 0.6990514993667603, 0.7182513475418091, 0.7306653261184692], "val_loss": [1.2951315641403198, 1.2134151458740234, 1.2022608518600464, 1.0960787534713745, 0.9158754944801331, 0.9016384482383728, 0.8275865316390991, 0.8580721616744995, 0.859616756439209, 0.858044445514679, 0.8530532717704773, 0.8032275438308716, 0.8014063835144043, 0.8594764471054077, 0.8305728435516357, 0.77820885181427, 0.8139312863349915, 0.8257819414138794, 0.7816272377967834, 0.7641987800598145]}