{"accuracy": [0.4466821551322937, 0.41454577445983887, 0.4869415760040283, 0.6022974252700806, 0.5097536444664001, 0.3707599341869354, 0.5550712943077087, 0.6173045635223389, 0.6349419355392456, 0.606059193611145, 0.6606683731079102, 0.6419453620910645, 0.6711798310279846, 0.5835309624671936, 0.6761194467544556, 0.6649343967437744, 0.6827639937400818, 0.4997907280921936, 0.6903089880943298, 0.5450364351272583], "loss": [1.5691356658935547, 1.3070075511932373, 1.2990038394927979, 1.1742041110992432, 1.2535219192504883, 1.4972615242004395, 1.205622673034668, 1.1255000829696655, 1.0432218313217163, 1.2220823764801025, 0.9775083661079407, 1.098873496055603, 0.9487612843513489, 1.1382715702056885, 0.9246252775192261, 1.0377025604248047, 0.8983926177024841, 1.2212979793548584, 0.8761138916015625, 1.023374080657959], "val_accuracy": [0.45720624923706055, 0.4483473598957062, 0.5171846151351929, 0.5083574652671814, 0.5637611746788025, 0.5608624219894409, 0.5617101192474365, 0.6218419075012207, 0.6690164804458618, 0.6682580709457397, 0.6780600547790527, 0.6748916506767273, 0.6813096404075623, 0.6839576959609985, 0.6726070046424866, 0.6684941649436951, 0.7009326815605164, 0.6996604800224304, 0.6688963770866394, 0.6963741183280945], "val_loss": [1.3126220703125, 1.3212378025054932, 1.2440475225448608, 1.243584156036377, 1.1813220977783203, 1.1787018775939941, 1.1341582536697388, 1.1007306575775146, 0.970247745513916, 0.9672439694404602, 0.9272310733795166, 0.9342530965805054, 0.9206268191337585, 0.907841145992279, 0.9528840780258179, 0.9565408229827881, 0.8496401309967041, 0.8572017550468445, 0.913619875907898, 0.8525484204292297]}